stop_loss_pct,take_profit_pct,enable_trend_break_exit,market_open_delay_minutes,momentum_lookback_minutes,trade_count,total_pnl,return_pct,win_rate,avg_win,avg_loss,profit_factor,expectancy,max_drawdown_pct,sharpe,sortino,avg_bars_held,avg_mfe,avg_mae,exit_reasons
0.025,0.06,False,5,5,496,62.42397475359791,62.4239747535978,44.354838709677416,1.8936829490418199,-1.28328360157827,1.1762461713785188,0.1258547878096732,-28.991260780845714,1.9751800679073552,3.383193532511266,200.10282258064515,0.02180690776394965,-0.016615893008877922,"{'eod': 270, 'stop': 175, 'take_profit': 51}"
0.025,0.06,False,5,10,488,24.577848630677124,24.577848630677135,43.23770491803279,1.6985537762568739,-1.2051155168213838,1.073626713936634,0.05036444391532197,-23.24892225400798,0.9286246960150999,1.5588322911309356,198.5983606557377,0.02187444136805839,-0.016877833457616908,"{'eod': 264, 'stop': 171, 'take_profit': 53}"
0.025,0.035,False,5,10,606,21.789765385442315,21.789765385442283,47.194719471947195,1.368820520794229,-1.1552903236303351,1.0589401775785108,0.035956708556835505,-29.64908150100233,0.8738681656292134,1.4108637590606468,157.6204620462046,0.018707073739527392,-0.016215643889818093,"{'eod': 260, 'stop': 203, 'take_profit': 143}"
0.015,0.06,True,5,20,1855,18.97147340131053,18.971473401310355,16.819407008086255,1.440753341333335,-0.27903018087795856,1.0440640036528757,0.010227209380760393,-28.38300483240865,0.8942188671456871,1.6018692245703197,42.34824797843666,0.00986462605632769,-0.004965530613348575,"{'trend_break': 1464, 'eod': 223, 'stop': 112, 'take_profit': 56}"
0.025,0.035,False,30,20,503,18.49872750321411,18.498727503214106,47.31610337972167,1.3089560529033604,-1.1057842003312663,1.0631285189814985,0.036776794240982326,-24.286143125704974,0.9309235089269889,1.676357248853732,171.7952286282306,0.017056302394937894,-0.015473884157775186,"{'stop': 150, 'eod': 255, 'take_profit': 98}"
0.015,0.06,False,5,10,677,16.839898002332347,16.839898002332365,36.484490398818316,1.544959898286642,-0.848291155522019,1.0461664055305357,0.02487429542442001,-25.242783262818207,0.7237945142007074,1.2449442972469256,142.9423929098966,0.018959306124779963,-0.012228735329718783,"{'stop': 354, 'eod': 266, 'take_profit': 57}"
0.01,0.06,False,5,5,889,14.84326994065902,14.843269940658965,29.92125984251969,1.5494065663330847,-0.6377189032165994,1.0373604628933295,0.016696591609290237,-31.78331505989477,0.7031134540374403,1.2934702804508356,105.86389201349832,0.016081343424448374,-0.009356868704153169,"{'stop': 572, 'eod': 266, 'take_profit': 51}"
0.01,0.06,True,5,20,1874,13.27779133754952,13.277791337549672,16.061899679829242,1.3410576224086395,-0.2481758124650038,1.0340124302690255,0.0070852675227051866,-36.34033888116747,0.6840891558953258,1.198360237817256,41.22145144076841,0.009563181178669646,-0.004726370906568357,"{'trend_break': 1360, 'stop': 242, 'eod': 219, 'take_profit': 53}"
0.015,0.02,False,5,10,1148,12.89760679129245,12.89760679129257,45.90592334494774,1.1063595459244793,-0.9181221802108024,1.0226212736271045,0.011234849121334886,-33.05542814820523,0.46176368146109154,0.6408681901651264,82.67595818815332,0.012451035700706098,-0.01117054257574098,"{'take_profit': 390, 'stop': 504, 'eod': 254}"
0.025,0.06,False,30,10,418,12.83180581640045,12.831805816400532,44.01913875598086,1.7053942853130457,-1.2861570200051278,1.0426361448409665,0.030698100039235527,-22.022316297227906,0.7134718288228581,1.2499841772829348,202.22488038277513,0.020630788581941763,-0.016475841070852936,"{'stop': 135, 'eod': 245, 'take_profit': 38}"
0.025,0.035,False,5,5,538,12.34507879315305,12.345078793152942,47.21189591078067,1.3846555739322821,-1.194920552766361,1.0363778053689012,0.02294624310994991,-34.84218719030858,0.6291010561088292,0.8992048848264234,160.42193308550185,0.017888555892905153,-0.015809259925749997,"{'eod': 236, 'take_profit': 123, 'stop': 179}"
0.025,0.06,False,30,5,432,11.643731027612152,11.643731027612159,42.824074074074076,1.6924551095545965,-1.2204877094736362,1.0386244048849564,0.026953081082435534,-24.348067400742952,0.6697905553849853,1.4614912654351462,199.01157407407408,0.020133234639073485,-0.01629627170402922,"{'stop': 143, 'eod': 251, 'take_profit': 38}"
0.025,0.035,False,30,5,494,10.359359065093052,10.35935906509302,46.35627530364373,1.450611860519213,-1.2144556867690817,1.0321888409978557,0.02097036247994545,-29.463823146548805,0.6505411722871981,1.2543334265162567,169.99797570850203,0.01708202928335335,-0.015313608113567795,"{'stop': 149, 'eod': 247, 'take_profit': 98}"
0.015,0.06,False,5,5,673,6.9947198365640375,6.994719836564123,34.323922734026745,1.6396345302285735,-0.8410879109643359,1.0188151057635961,0.010393342996380442,-37.699780786284485,0.4433166417244672,0.7791664142119306,136.37592867756314,0.018191088221796905,-0.012383918581847049,"{'stop': 369, 'eod': 256, 'take_profit': 48}"
0.015,0.035,False,5,10,808,6.182222961399102,6.182222961399342,37.995049504950494,1.2495863850859923,-0.7533748448303405,1.016379318309728,0.007651266041335522,-35.17837737222004,0.4038760441830134,0.6212995254802937,110.16460396039604,0.015625665336341882,-0.012328794201444216,"{'stop': 419, 'take_profit': 144, 'eod': 245}"
0.025,0.06,False,5,20,451,3.5389745105431167,3.5389745105431913,42.793791574279375,1.5999683119720227,-1.1831585647289038,1.0115935056180443,0.007846950134241944,-47.58041143600607,0.3070079660038674,0.43344758303406794,187.89356984478937,0.02202580710656954,-0.016968799533124884,"{'eod': 230, 'stop': 170, 'take_profit': 51}"
0.006,0.06,True,5,20,1947,3.0477281232255073,3.047728123225535,13.662044170518747,1.399404254665415,-0.21962748579284647,1.0082550901270835,0.0015653457232796648,-32.67993767372489,0.3331591736555951,0.5980358070039138,35.75243965074473,0.008630678858572625,-0.004408598861985016,"{'trend_break': 1069, 'stop': 631, 'eod': 199, 'take_profit': 48}"
0.01,0.035,False,5,5,1081,2.251002703718491,2.2510027037183855,30.804810360777058,1.251213426696095,-0.5540147973075951,1.0054319161112517,0.002082333675965302,-47.95579409902656,0.3144532834219083,0.5273923537443074,79.75023126734506,0.013217523347273321,-0.009346437811409761,"{'stop': 695, 'eod': 234, 'take_profit': 152}"
0.025,0.06,False,30,20,400,1.647147649513336,1.6471476495134363,45.0,1.3811718526111127,-1.1225626628203953,1.0066695918352604,0.00411786912378334,-30.50362548334327,0.3148080020087132,0.5583821496409863,209.0425,0.01960260414576135,-0.016065879823679696,"{'stop': 131, 'eod': 241, 'take_profit': 28}"
0.01,0.035,True,30,5,2096,1.4062696808097819,1.4062696808097908,16.698473282442748,1.099732747341714,-0.219645012536535,1.0036669334476307,0.000670930191226041,-20.25023216937197,0.27042248561546456,0.524141433066733,33.468034351145036,0.007939151319841877,-0.0044257414615235975,"{'trend_break': 1536, 'take_profit': 124, 'stop': 229, 'eod': 207}"
0.01,0.035,False,30,5,896,0.5377175188332259,0.5377175188333139,32.700892857142854,1.200558775231228,-0.5824643509517687,1.0015309729726305,0.0006001311594120826,-21.787417381707495,0.05265143741425317,0.10093238479768847,94.03013392857143,0.012917135958909986,-0.008949469054516991,"{'stop': 544, 'take_profit': 107, 'eod': 245}"
0.01,0.06,False,30,5,737,-0.16854959006065684,-0.16854959006040726,31.343283582089555,1.2349510249627722,-0.5641150916135594,0.9994095141902889,-0.00022869686575394414,-14.817067288567682,0.13690813571306654,0.25142452226823225,112.66350067842605,0.014724480925782268,-0.009109493643385995,"{'stop': 458, 'eod': 248, 'take_profit': 31}"
0.01,0.06,False,30,20,728,-0.1829476366774756,-0.1829476366776217,31.59340659340659,1.3200545939130446,-0.6100311330053769,0.9993977934692051,-0.0002513016987327962,-24.02586302971495,0.1842692733318499,0.301703632802795,112.11813186813187,0.014622983478783371,-0.009218380328155454,"{'stop': 454, 'eod': 245, 'take_profit': 29}"
0.01,0.06,False,5,10,820,-0.49225713955487294,-0.49225713955504125,28.17073170731707,1.299072539506495,-0.5103192084304843,0.998362298248671,-0.0006003135848230157,-47.70210900270024,0.28710180272144975,0.4983808418378791,101.68414634146342,0.015758154495456835,-0.009436352120756573,"{'stop': 537, 'eod': 234, 'take_profit': 49}"
0.025,0.035,False,30,10,511,-0.6622623215356569,-0.6622623215357226,45.40117416829745,1.353753782850861,-1.1280757704047863,0.9978957973041678,-0.001296012370911266,-27.185024362496655,0.21833111900594354,0.3719094374383555,169.12133072407045,0.01701390514631653,-0.015529324045658889,"{'stop': 150, 'eod': 259, 'take_profit': 102}"
0.025,0.06,True,5,20,1666,-3.5129379655821644,-3.5129379655821413,15.24609843937575,1.2684902650755918,-0.23067242584616324,0.9892145045204541,-0.002108606221838034,-41.07816756993486,0.15879776531656772,0.2884883985300638,40.580432172869145,0.009614487608314836,-0.004977925973092127,"{'trend_break': 1417, 'eod': 183, 'take_profit': 47, 'stop': 19}"
0.006,0.06,False,5,10,1248,-4.128965052838403,-4.128965052838607,19.791666666666664,1.6337923925255078,-0.4072684175890498,0.9898719369475197,-0.0033084655872102587,-35.46236505555761,0.14608638822262554,0.24806888292075052,65.52323717948718,0.011732424233960217,-0.006686508724881666,"{'stop': 971, 'eod': 230, 'take_profit': 47}"
0.015,0.035,False,30,5,589,-4.610698911854808,-4.610698911854727,38.37011884550085,1.240322414623008,-0.7849134011478087,0.9838177690986769,-0.007828011734897807,-24.013475105265,0.0648703546567245,0.11952506957216448,128.1018675721562,0.01508163521681159,-0.011602485873057735,"{'stop': 285, 'eod': 222, 'take_profit': 82}"
0.015,0.035,False,5,5,787,-4.9658542208975796,-4.965854220897681,37.86531130876747,1.230014260845133,-0.7597343639115486,0.9866333266092562,-0.006309852885511537,-49.183104791280506,0.09167509400742663,0.14260306275439172,104.57814485387547,0.015366482741122778,-0.012025278172071318,"{'stop': 413, 'take_profit': 144, 'eod': 230}"
0.01,0.06,False,5,20,784,-5.000578977675055,-5.000578977675163,27.67857142857143,1.4190160474534577,-0.5518995789683869,0.9840199854966222,-0.0063782895123406305,-43.32359744117408,0.12367445021242421,0.20949398815786738,99.07780612244898,0.01603512213952714,-0.009578288506205316,"{'stop': 524, 'eod': 214, 'take_profit': 46}"
0.015,0.06,False,30,5,532,-5.251682071270206,-5.251682071270192,37.40601503759399,1.3424942403326652,-0.8180421498422539,0.9807212659715853,-0.009871582840733471,-22.964221178836105,0.0003527522795227534,0.0007085562990630372,146.46616541353384,0.017165622285330303,-0.011870461058206667,"{'stop': 269, 'eod': 230, 'take_profit': 33}"
0.025,0.06,True,5,5,1833,-8.070638421285416,-8.070638421285315,15.330060010911076,1.10545495733808,-0.20535018133588007,0.9746766543465739,-0.004402966951055873,-37.94153361560877,-0.056877534136357426,-0.10074055176024206,37.6519367157665,0.009197865930409409,-0.0048630162806970805,"{'trend_break': 1575, 'eod': 189, 'stop': 17, 'take_profit': 52}"
0.006,0.035,False,30,5,1192,-8.244229315969847,-8.244229315969964,22.818791946308725,1.0437335250619475,-0.3175432044921952,0.9717798438293249,-0.00691629976171967,-41.43378069111251,-0.13727772608901398,-0.22622591597047342,59.08137583892618,0.009983828981859757,-0.0064346106124588565,"{'stop': 884, 'take_profit': 104, 'eod': 204}"
0.006,0.06,False,30,5,1008,-8.483748022762956,-8.483748022762994,21.32936507936508,1.1387891967479087,-0.319449464468554,0.9665102111582186,-0.008416416689248965,-37.40501014222921,-0.20635328112927415,-0.3582213640893775,69.69444444444444,0.011118860085844062,-0.0065279691032871495,"{'stop': 769, 'eod': 207, 'take_profit': 32}"
0.015,0.06,False,5,20,567,-9.091544302578129,-9.091544302578003,35.978835978835974,1.4568668316049038,-0.8437806555095825,0.9703174321103647,-0.016034469669449963,-45.84671734056687,-0.060524078730238594,-0.09990523514013391,145.17989417989418,0.018697530819157024,-0.012496470188757746,"{'stop': 307, 'eod': 217, 'take_profit': 43}"
0.015,0.06,False,30,10,503,-11.592261752764806,-11.592261752764854,35.984095427435385,1.3796096688265218,-0.8114956888520659,0.9556364705427931,-0.02304624602935349,-29.76089293761764,-0.19660671798107798,-0.360010337452353,144.64811133200794,0.01750237672221718,-0.011916117637228895,"{'stop': 261, 'eod': 211, 'take_profit': 31}"
0.015,0.02,False,5,20,991,-12.562112760370393,-12.562112760370582,43.69323915237134,0.9292796191103938,-0.7436204083067579,0.9697254854346369,-0.012676198547296057,-39.69079178700281,-0.35593668901723424,-0.6072519730073731,79.38849646821393,0.012426135422615,-0.011242843826897376,"{'take_profit': 327, 'stop': 454, 'eod': 210}"
0.01,0.035,False,5,20,1007,-12.92618647724369,-12.926186477243718,30.089374379344587,1.2321653384044544,-0.5486822216105018,0.9665360756849383,-0.01283633215217844,-49.58546936015961,-0.2577313890032255,-0.395091745601338,78.51638530287984,0.01353120500403761,-0.009376099439399741,"{'stop': 647, 'eod': 216, 'take_profit': 144}"
0.025,0.035,False,5,20,508,-14.41008508208962,-14.410085082089651,45.07874015748031,1.2062037908150642,-1.0416872873789942,0.950417893067127,-0.02836630921671185,-50.2200235598929,-0.39471609884615977,-0.6043973948348198,154.48622047244095,0.017878290358962965,-0.01654805680081159,"{'eod': 210, 'take_profit': 117, 'stop': 181}"
0.015,0.035,False,5,20,726,-15.4773433721879,-15.477343372187802,37.05234159779614,1.263417245292378,-0.7775417557020515,0.956443146749555,-0.021318654782627962,-47.19398154275741,-0.33816703359458766,-0.5853869092237121,108.40495867768595,0.015609210028655509,-0.012204325686845324,"{'stop': 381, 'eod': 217, 'take_profit': 128}"
0.015,0.035,False,30,20,576,-16.05177477385755,-16.05177477385754,38.36805555555556,1.2004342904925331,-0.7925288816132601,0.9429468527675974,-0.02786766453794713,-31.527507220648165,-0.41099178754310045,-0.7856001095289606,118.21354166666667,0.014515638995802117,-0.0117051747257561,"{'stop': 288, 'eod': 204, 'take_profit': 84}"
0.01,0.06,True,30,5,1669,-18.266318969270227,-18.266318969270266,15.098861593768722,1.1060112008682557,-0.20958443301910426,0.938493337079946,-0.010944469124787434,-31.030455000943263,-0.6665123192178031,-1.2109260545775278,37.29958058717795,0.008549262184660808,-0.004487847455297503,"{'trend_break': 1266, 'eod': 183, 'stop': 183, 'take_profit': 37}"
0.015,0.06,False,30,20,461,-18.504028225374743,-18.504028225374714,36.00867678958785,1.267144652771086,-0.7757628494419491,0.919143434809785,-0.04013888985981506,-36.96325031819968,-0.4341391408432964,-0.8073523307739718,146.68112798264642,0.016518258885907793,-0.011844888731381616,"{'stop': 239, 'eod': 198, 'take_profit': 24}"
0.015,0.06,True,5,5,1853,-20.610319152086078,-20.61031915208624,15.002698327037237,1.0847176161079148,-0.20454718503497551,0.9360249473991936,-0.011122676282831126,-38.51175875733272,-0.4978163506379619,-0.8467305682141433,36.82514840798705,0.009059301894915064,-0.0048320085594390156,"{'trend_break': 1523, 'eod': 190, 'stop': 89, 'take_profit': 51}"
0.015,0.06,True,5,10,1614,-20.852654029462713,-20.85265402946267,14.622057001239158,1.0515524143457637,-0.19522425530846368,0.9224863218454102,-0.012919859993471321,-54.16645971201185,-0.5392291965605346,-0.9981181971931297,36.56877323420074,0.009175865355778372,-0.0049894294830586765,"{'trend_break': 1335, 'eod': 160, 'stop': 73, 'take_profit': 46}"
0.015,0.06,True,30,5,1696,-21.363007810990144,-21.363007810990307,15.330188679245282,1.0994210992546172,-0.21393627689219402,0.930461787020908,-0.012596113096102679,-31.532815879380678,-0.7821274194286851,-1.2601311441938408,37.0748820754717,0.008650851710946058,-0.004688523970382392,"{'trend_break': 1398, 'eod': 184, 'stop': 73, 'take_profit': 41}"
0.015,0.035,True,5,10,2107,-21.391115116084563,-21.391115116084524,17.655434266729948,1.0004093994809125,-0.22682617390373722,0.9456448399874576,-0.010152403946883989,-44.44214140590996,-0.5910610159439056,-1.0238803760896913,29.981964878974846,0.00853442868152357,-0.005304581018002066,"{'trend_break': 1645, 'eod': 173, 'take_profit': 157, 'stop': 132}"
0.015,0.02,False,5,5,1067,-22.462076890778462,-22.462076890778604,43.95501405810684,0.9077752985692977,-0.7495128627421055,0.9498847806931894,-0.02105161845433783,-45.834223389070615,-0.9006656146715715,-1.4061661057351316,77.53514526710403,0.011959279639160748,-0.011155861100166569,"{'stop': 494, 'take_profit': 343, 'eod': 230}"
0.015,0.02,False,30,20,787,-22.693584316549725,-22.69358431654982,43.710292249047015,0.8810195294691869,-0.7353595992188489,0.9303374122161292,-0.028835558216708673,-36.15965794287468,-0.7364862271799009,-1.2460102642953996,88.89326556543837,0.011789693895367536,-0.0110521355057313,"{'stop': 348, 'eod': 199, 'take_profit': 240}"
0.01,0.02,False,5,20,1361,-22.90863985392791,-22.908639853928037,35.562086700955184,0.8470889158491747,-0.4936142247718682,0.9470809493046702,-0.016832211501783916,-48.96704777782882,-0.8332744489943464,-1.3809861267596553,57.02939015429831,0.010797107510521924,-0.008737799242615446,"{'take_profit': 360, 'stop': 796, 'eod': 205}"
0.025,0.035,True,5,20,2002,-23.1016036680457,-23.101603668045513,17.182817182817185,0.9972234937482543,-0.22083623975720457,0.9369061165904732,-0.0115392625714514,-44.362558210281385,-0.8804286422871982,-1.4797880796727543,30.632867132867133,0.008324819386842217,-0.005136017630928274,"{'trend_break': 1664, 'eod': 164, 'take_profit': 147, 'stop': 27}"
0.006,0.06,False,5,5,1242,-23.273421138080113,-23.273421138080096,18.92109500805153,1.5508007374348953,-0.3850164790817086,0.9399723364683511,-0.018738664362383344,-51.56008051915768,-0.5089903572625017,-0.7827194999297366,62.789855072463766,0.011390052067303735,-0.0067670374811775935,"{'stop': 977, 'eod': 219, 'take_profit': 46}"
0.01,0.035,True,5,20,2131,-23.56368789997053,-23.563687899970308,16.001877053026746,1.0930640105567433,-0.22139581871498326,0.9405405597589697,-0.01105757292349626,-49.17622984408679,-0.8474374351114436,-1.4030069300972585,29.11590802440169,0.008125872474185997,-0.004899107603315532,"{'trend_break': 1531, 'stop': 290, 'eod': 160, 'take_profit': 150}"
0.01,0.06,True,5,5,1911,-24.13533568549878,-24.13533568549887,14.442700156985872,1.080915541690581,-0.1972281499645866,0.9251543291117903,-0.012629689003400722,-39.00286177871734,-0.6766239576345255,-1.2489735454264987,36.17739403453689,0.008790781474572264,-0.00469752872864005,"{'stop': 234, 'trend_break': 1438, 'eod': 192, 'take_profit': 47}"
0.025,0.035,True,5,5,2238,-24.2842609310253,-24.28426093102537,16.890080428954423,0.9631952598646814,-0.20880218772036283,0.9374716596289817,-0.010850876197955899,-44.73039320688454,-0.8190733155811463,-1.5608764678765632,29.741286863270776,0.008122525786833045,-0.00505082744836058,"{'trend_break': 1880, 'take_profit': 158, 'eod': 176, 'stop': 24}"
0.015,0.035,True,5,20,2060,-25.209647254923023,-25.209647254922896,16.74757281553398,0.9864254051117376,-0.21313493412155834,0.9310319407133593,-0.012237692842195643,-44.67664916105596,-1.045475444011295,-1.740676564351481,29.55728155339806,0.008144981583947839,-0.005019170458415444,"{'trend_break': 1639, 'eod': 164, 'take_profit': 146, 'stop': 111}"
0.006,0.035,True,30,10,2050,-26.177848245631953,-26.177848245631974,15.170731707317072,0.9033964718217035,-0.17661538296847712,0.9147673804364704,-0.012769682071039977,-43.4694796195713,-1.0368827995414533,-1.7029913221040502,28.520487804878048,0.007290320094890984,-0.004253697920446053,"{'stop': 586, 'take_profit': 104, 'trend_break': 1185, 'eod': 175}"
0.015,0.035,True,30,5,2069,-26.26613230514753,-26.266132305147792,16.57805703238279,0.8815376760390664,-0.19040182803392078,0.9200747096861802,-0.012695085696059705,-38.32444471290375,-1.0931537131795643,-1.95271246868143,30.717738037699373,0.0075407011090257116,-0.004451710100264695,"{'trend_break': 1684, 'take_profit': 123, 'eod': 176, 'stop': 86}"
0.015,0.035,False,30,10,646,-27.21780355068711,-27.217803550687147,36.68730650154799,1.1448769985694083,-0.7299600298573027,0.9088344645960216,-0.04213282283388097,-34.173921724270905,-0.9955433841084312,-1.8017538662574206,115.29721362229103,0.014714878814825437,-0.011793744397807195,"{'stop': 321, 'eod': 220, 'take_profit': 105}"
0.015,0.06,True,30,10,1658,-27.576472664798263,-27.576472664798313,15.681544028950542,0.9456599837715395,-0.1955994767134467,0.8991527977448316,-0.016632371932930195,-39.85783868727208,-1.1330889458067686,-1.9175432659870888,36.20446320868516,0.008594424969751196,-0.004686991177690126,"{'trend_break': 1375, 'eod': 180, 'stop': 65, 'take_profit': 38}"
0.025,0.035,True,30,5,2004,-27.57910107275088,-27.579101072751012,16.367265469061877,0.9186411669378042,-0.19623711445605646,0.916145776255384,-0.013762026483408622,-39.18969397153022,-1.1360635185433776,-2.0225281526939085,30.629740518962077,0.007575580893688595,-0.004586102264170997,"{'trend_break': 1702, 'take_profit': 120, 'eod': 170, 'stop': 12}"
0.006,0.035,False,5,20,1408,-27.59702401012663,-27.597024010126802,20.525568181818183,1.143379199116608,-0.3199585456254034,0.9229205777267611,-0.0196001590981013,-39.80823050936172,-0.9986138449769295,-1.6860430497777958,49.8203125,0.010250621422020023,-0.006680019029068552,"{'stop': 1087, 'eod': 192, 'take_profit': 129}"
0.01,0.02,False,30,20,1101,-27.68504784019595,-27.68504784019611,35.78564940962761,0.8687659128208132,-0.5233080869753839,0.9251712624309233,-0.025145365885736556,-44.8512963253979,-1.247613689470149,-1.8031768464477844,63.7338782924614,0.010420527432600107,-0.008828300066067392,"{'stop': 640, 'take_profit': 273, 'eod': 188}"
0.01,0.02,False,5,5,1430,-27.782130394987725,-27.782130394987846,36.29370629370629,0.9147492818246642,-0.5516322806388457,0.9447162498056774,-0.01942806321327813,-54.46850970662474,-1.0701949994210618,-1.6454692102327892,59.11188811188811,0.010542240142358012,-0.00874487928849629,"{'stop': 834, 'take_profit': 367, 'eod': 229}"
0.025,0.06,True,30,10,1653,-27.883504732765935,-27.88350473276595,15.789473684210526,0.9557812068528746,-0.19924022968488952,0.8994618033132356,-0.016868423915768867,-37.682960793226876,-0.9796201528223064,-1.6583721931863178,36.562613430127044,0.00866927968535825,-0.004763069282578994,"{'trend_break': 1420, 'eod': 181, 'stop': 13, 'take_profit': 39}"
0.015,0.035,True,30,10,1908,-27.91565807088245,-27.915658070882543,17.452830188679243,0.9066292996366356,-0.20941156498405214,0.9153617549826256,-0.014630848045535876,-42.82825146688794,-1.1662885333369153,-2.1626063544721226,30.9769392033543,0.007831322689371497,-0.004816477465456362,"{'trend_break': 1536, 'take_profit': 115, 'eod': 173, 'stop': 84}"
0.006,0.035,False,5,5,1391,-27.940514374803232,-27.940514374803406,20.201294033069733,1.068498025685764,-0.29566527891216476,0.9148644214683974,-0.0200866386590965,-44.49540742307162,-0.9586991423789136,-1.4978968475163927,51.72106398274622,0.00987176580435009,-0.006703317145664109,"{'stop': 1073, 'eod': 196, 'take_profit': 122}"
0.006,0.035,True,5,20,2277,-28.090074806404,-28.090074806404076,14.536671058410189,1.0743963008681254,-0.1971815264099453,0.9267944790373094,-0.012336440406852877,-48.0143691681354,-1.0013888857066469,-1.5799744426719422,26.476943346508563,0.00745636023591306,-0.004424622824703097,"{'trend_break': 1250, 'stop': 728, 'eod': 161, 'take_profit': 138}"
0.015,0.02,True,5,20,2602,-28.115010545573934,-28.11501054557387,20.86856264411991,0.8127904846961335,-0.22800400375695695,0.9401120522541846,-0.010805153937576454,-50.75753285376028,-1.1203304052308332,-1.7288599673287515,23.06725595695619,0.00710606710629187,-0.004945616120595076,"{'take_profit': 347, 'trend_break': 1958, 'eod': 158, 'stop': 139}"
0.006,0.06,False,5,20,1059,-28.33163904931825,-28.331639049318568,18.69688385269122,1.171983202340405,-0.30242080500896457,0.8911929881234677,-0.026753200235428,-47.64685415925047,-1.0700236605019897,-1.8824727127022909,62.07554296506138,0.011369094717015147,-0.006747552765144396,"{'stop': 838, 'eod': 185, 'take_profit': 36}"
0.01,0.06,True,30,10,1683,-28.5417591683856,-28.54175916838553,14.795008912655971,0.9856399129317283,-0.19105027718855366,0.8958201053705356,-0.016958858685909448,-39.94043518889237,-1.2343391043119938,-2.01571936256808,35.3630421865716,0.00842204804351949,-0.004582379738726733,"{'trend_break': 1282, 'eod': 176, 'stop': 188, 'take_profit': 37}"
0.006,0.06,False,30,20,967,-28.91534786478214,-28.915347864782238,19.855222337125127,1.0821757978677093,-0.3054104529746869,0.8778361188566437,-0.0299021177505503,-35.8786681945585,-1.4327140473603015,-2.23598527728506,66.86866597724922,0.010975819172743737,-0.006601567794232181,"{'stop': 747, 'eod': 190, 'take_profit': 30}"
0.01,0.02,False,30,5,1235,-29.080455379956625,-29.080455379956792,36.35627530364373,0.8502935837077963,-0.5227255400314977,0.9292209161382834,-0.023546927433163257,-36.811518582355845,-1.537168983138523,-2.186969482977378,61.9668016194332,0.010177896090133913,-0.00862311593036282,"{'stop': 705, 'take_profit': 305, 'eod': 225}"
0.01,0.035,False,30,10,896,-29.12564819971592,-29.125648199716025,30.357142857142854,1.278965509248712,-0.6041735043515474,0.9227445130701782,-0.0325063037943258,-48.25359034583215,-1.3309200479244976,-2.198224386892982,88.01116071428571,0.012609844183687904,-0.009101797216108942,"{'stop': 566, 'take_profit': 100, 'eod': 230}"
0.006,0.06,False,30,10,1031,-29.219893211907067,-29.21989321190702,20.659553831231815,1.0005315913305177,-0.29625076059328526,0.8794226189518792,-0.0283413125236732,-38.40476821961815,-1.529220627636802,-2.395349442937919,69.06498545101843,0.01119195813525169,-0.006516206515778586,"{'stop': 788, 'eod': 214, 'take_profit': 29}"
0.006,0.035,False,30,20,1194,-29.309276818928563,-29.30927681892872,21.35678391959799,0.998667926449999,-0.30241703734151043,0.8967872722334307,-0.024547133014178026,-39.613576311179486,-1.3495331069708232,-2.2485817099861825,54.43467336683417,0.009799542968710362,-0.0065451555417642155,"{'stop': 903, 'take_profit': 101, 'eod': 190}"
0.006,0.035,False,30,10,1167,-29.585781540311388,-29.58578154031144,22.62210796915167,0.9366074302708325,-0.30658930579381083,0.8931343101158329,-0.025351997892297674,-42.206350947072735,-1.2919543441963186,-2.0173391301984482,58.281062553556126,0.01009919110064996,-0.006477622335340349,"{'stop': 870, 'take_profit': 91, 'eod': 206}"
0.006,0.035,True,30,20,2042,-29.87399855823531,-29.873998558235158,14.740450538687561,0.9101000908898661,-0.17450552895811886,0.9016701462838281,-0.014629774024601033,-42.44083984469757,-1.3501835137753229,-2.3398241167610836,26.538197845249755,0.007002600816089858,-0.004179173381524679,"{'stop': 576, 'take_profit': 113, 'trend_break': 1197, 'eod': 156}"
0.015,0.02,False,30,10,919,-29.875598342767475,-29.87559834276745,42.981501632208925,0.862100553240001,-0.7068803757110075,0.9193434948639094,-0.032508812124883,-46.389881558979155,-1.2703755296040953,-1.9054567166517427,86.47551686615887,0.011823710781125176,-0.010975560482469166,"{'stop': 393, 'take_profit': 287, 'eod': 239}"
0.01,0.035,False,5,10,956,-29.89205045780974,-29.892050457809727,29.288702928870293,1.0791508208991063,-0.491204556670946,0.9099784215100535,-0.03126783520691396,-51.05284072957542,-1.0426236710933428,-1.66423020702433,83.03347280334728,0.01322136595849124,-0.009453058864649677,"{'stop': 621, 'eod': 215, 'take_profit': 120}"
0.01,0.012,False,30,10,1662,-29.941135574370424,-29.94113557437048,44.82551143200963,0.5967597544274371,-0.5174778109300011,0.9369032195336359,-0.018015123690956935,-41.3806954293873,-1.3088478549015108,-2.0088978942224704,43.77677496991576,0.008081847310127954,-0.007888354418952703,"{'stop': 817, 'take_profit': 643, 'eod': 202}"
0.01,0.012,False,5,5,2002,-30.10195656900288,-30.101956569002663,45.654345654345654,0.7055517112257339,-0.6203825557254812,0.9554029376902542,-0.01503594234215928,-52.26906977110756,-1.396502707870317,-2.40498514040433,40.63186813186813,0.008273932589769906,-0.007929881478985676,"{'stop': 979, 'take_profit': 801, 'eod': 222}"
0.006,0.035,True,30,5,2229,-30.10223509570589,-30.10223509570601,15.388066397487663,0.8712318479667633,-0.17440867388563397,0.9084856973098528,-0.013504816103950601,-37.13517717957289,-1.3479310632692543,-2.212201587208529,28.020188425302827,0.006999204490692645,-0.004086353945717427,"{'stop': 611, 'take_profit': 120, 'trend_break': 1321, 'eod': 177}"
0.01,0.012,False,5,10,2079,-30.204240237757656,-30.204240237757528,45.93554593554593,0.6484997078070794,-0.5778660686775076,0.9534977024742858,-0.014528254082615514,-51.49293592834619,-1.1548530221038666,-1.8650809917907354,39.314574314574315,0.008329930120499087,-0.007878990438214722,"{'take_profit': 844, 'stop': 1018, 'eod': 217}"
0.006,0.02,False,30,5,1720,-30.304036205588783,-30.30403620558889,26.91860465116279,0.7932290494850985,-0.3162840780566344,0.9237766786609353,-0.01761862570092371,-48.64681159311044,-1.6214953349033212,-2.3705961374727718,41.65639534883721,0.008292303077016203,-0.0062075206455571436,"{'stop': 1206, 'take_profit': 308, 'eod': 206}"
0.025,0.06,True,30,5,1789,-30.471948234367883,-30.471948234367897,14.589155953046395,0.9799546662712658,-0.18732991893401066,0.8935441032996078,-0.01703295038254214,-37.52378281484191,-1.331288289022303,-2.160972223379567,35.309670206819455,0.00820695973801945,-0.004495233638764134,"{'trend_break': 1555, 'eod': 183, 'stop': 11, 'take_profit': 40}"
0.01,0.035,False,30,20,854,-30.477891152140963,-30.4778911521411,30.679156908665107,1.0543445100566784,-0.5181016094374843,0.9006316071872897,-0.03568839713365452,-42.47502808007194,-1.2854427496835903,-1.9525440365324542,85.19320843091334,0.012609063412412393,-0.009179260911077161,"{'stop': 536, 'take_profit': 102, 'eod': 216}"
0.025,0.035,True,30,20,1810,-30.54151458145122,-30.541514581451214,16.740331491712706,0.905414049149174,-0.20231053183387585,0.8998251210662659,-0.016873764962127745,-44.658196511563666,-1.5386901505585955,-2.8012663582196935,30.346961325966852,0.007484048329732879,-0.004683862553166545,"{'trend_break': 1528, 'take_profit': 110, 'eod': 160, 'stop': 12}"
0.006,0.02,False,30,10,1598,-31.88027419212886,-31.880274192129022,26.282853566958696,0.7576188801190485,-0.2971818368778686,0.9089343703464438,-0.019950109006338458,-45.156166820897695,-2.062260660774824,-3.0631989869687186,41.145181476846055,0.008265029893699812,-0.006181624164913657,"{'stop': 1137, 'take_profit': 277, 'eod': 184}"
0.025,0.06,True,30,20,1606,-32.78178800919818,-32.781788009198365,14.44582814445828,0.9984789972379322,-0.19245190347045013,0.8760279753690058,-0.020412072234868107,-35.2816930540672,-1.5422312111380079,-2.5336270817777495,36.513698630136986,0.008277759740317376,-0.0045522874123125725,"{'trend_break': 1380, 'eod': 179, 'take_profit': 33, 'stop': 14}"
0.01,0.012,False,30,5,1706,-33.082462531434494,-33.08246253143452,45.25205158264947,0.6094064640730579,-0.5391266089891169,0.9343007841957279,-0.019391830323232412,-46.4343803201357,-1.8621975351169338,-2.915177522340387,45.109026963657676,0.008008096102162918,-0.007916218884898829,"{'stop': 832, 'take_profit': 646, 'eod': 228}"
0.025,0.035,True,30,10,1749,-33.52814793440406,-33.528147934403776,17.209834190966266,0.8279222069504976,-0.19525741175863523,0.8814139853197335,-0.019169895903032624,-51.227478443393736,-1.533885174232791,-2.697817833104445,31.670668953687823,0.007882696628364234,-0.004844967998660808,"{'trend_break': 1476, 'take_profit': 102, 'eod': 159, 'stop': 12}"
0.006,0.035,False,5,10,1386,-34.00652850442855,-34.00652850442833,20.851370851370852,1.1196447582555349,-0.3259652357705361,0.9048991524443106,-0.024535734851680053,-51.0156991303306,-1.422808276935262,-2.4832188042075,52.32106782106782,0.010221314913223305,-0.0066114945402849885,"{'stop': 1061, 'eod': 195, 'take_profit': 130}"
0.01,0.035,True,30,10,1830,-34.13964207882608,-34.13964207882587,16.612021857923498,0.8893855311402954,-0.19954970088170107,0.8878876776383731,-0.018655542119577092,-46.07145899393413,-1.6040757832632921,-2.761921172144658,31.345901639344262,0.007781353948630498,-0.004597810941022782,"{'trend_break': 1343, 'take_profit': 103, 'stop': 217, 'eod': 167}"
0.01,0.035,True,30,20,1896,-34.60258696148509,-34.60258696148505,16.033755274261605,0.9131558236087159,-0.1961067571221952,0.8891660153047537,-0.018250309578842345,-42.92648653601185,-1.6769798457569516,-3.003902008433799,28.8960970464135,0.007347371420729354,-0.004489979175841499,"{'trend_break': 1406, 'take_profit': 113, 'eod': 161, 'stop': 216}"
0.01,0.02,True,5,20,2599,-35.201393921486144,-35.20139392148642,20.046171604463257,0.7954495993589259,-0.21637662906038813,0.9217104192493293,-0.013544206972484088,-50.451408921197746,-1.659215480479865,-2.604890320746185,22.48864948056945,0.007004521266944317,-0.004773687576896802,"{'take_profit': 333, 'trend_break': 1765, 'eod': 156, 'stop': 345}"
0.015,0.035,True,30,20,1770,-35.32491858168968,-35.324918581689545,16.666666666666664,0.9003597054481346,-0.2040210384331453,0.882614569911788,-0.01995758111959869,-44.039172637533866,-1.8322224612786138,-3.2220514473537736,30.502824858757062,0.0075626240153486785,-0.00466285012798913,"{'trend_break': 1431, 'take_profit': 109, 'eod': 156, 'stop': 74}"
0.025,0.06,True,5,10,1649,-36.04391059704845,-36.04391059704846,14.311704063068525,0.9813912276838992,-0.18942125996493184,0.8653330510047367,-0.021858041599180384,-56.84027184136482,-1.2641448943728073,-2.207775337768778,35.52395391146149,0.008890603099293258,-0.0049615915973375765,"{'trend_break': 1428, 'eod': 164, 'stop': 12, 'take_profit': 45}"
0.006,0.06,True,30,20,1683,-36.1180631054751,-36.11806310547509,13.071895424836603,0.9105353821718193,-0.1616102851560324,0.8472394793946879,-0.021460524721019072,-40.163898672403235,-2.0507668864444493,-3.2017665559008,33.4058229352347,0.007734241715641548,-0.00410199131482944,"{'stop': 450, 'eod': 169, 'trend_break': 1034, 'take_profit': 30}"
0.01,0.06,True,30,20,1670,-36.1986684530861,-36.198668453086114,13.652694610778443,1.0073495261807026,-0.18437889072280605,0.863850472848935,-0.02167584937310545,-39.859907164661074,-1.8209380412271072,-3.0306069030147516,35.124550898203594,0.008129523309142109,-0.004384772210419569,"{'trend_break': 1291, 'eod': 176, 'stop': 168, 'take_profit': 35}"
0.006,0.06,True,30,5,1907,-36.232436314607426,-36.232436314607654,13.319349764027269,0.9068735275511828,-0.16126939643835927,0.8640833307095184,-0.01899970441248423,-39.18955145036819,-1.9052994065086,-2.6392033635809686,33.08809648662821,0.007412466751987692,-0.003939657406568865,"{'stop': 475, 'eod': 184, 'trend_break': 1216, 'take_profit': 32}"
0.015,0.06,True,30,20,1610,-36.38870478094176,-36.38870478094197,14.285714285714285,0.9969038509095663,-0.19251926847111736,0.8630338310431911,-0.022601679988162583,-39.694378424162835,-1.7992329838138004,-3.0687290218829206,36.006211180124225,0.008214964044416047,-0.004509898442088122,"{'trend_break': 1339, 'eod': 177, 'stop': 62, 'take_profit': 32}"
0.006,0.06,True,30,10,1767,-36.630675808997466,-36.6306758089973,13.86530843237125,0.9313097638759197,-0.17398263334993283,0.8616674512489113,-0.020730433395018375,-41.306728104838065,-1.7065656092233052,-2.5312299838823287,33.2184493491794,0.008030183986935792,-0.004293238912767481,"{'stop': 505, 'eod': 179, 'trend_break': 1051, 'take_profit': 32}"
0.006,0.06,True,5,5,2145,-36.806496968681586,-36.80649696868164,12.680652680652681,1.0408232530595605,-0.17080107944521197,0.8849474901083697,-0.0171592060460054,-43.69502758683594,-1.492079383774323,-2.670158730745793,31.374358974358973,0.007861324977514527,-0.00421239494655481,"{'stop': 614, 'trend_break': 1295, 'eod': 187, 'take_profit': 49}"
0.01,0.06,False,30,10,663,-37.56377517125493,-37.56377517125493,28.95927601809955,1.0659057180802092,-0.5142625754621127,0.8449172816360107,-0.056657277784698236,-40.82529270535862,-1.615350052975819,-2.8377391620609465,105.13122171945702,0.014005110780362857,-0.009176064908504105,"{'stop': 430, 'eod': 203, 'take_profit': 30}"
0.01,0.06,True,5,10,1655,-37.731637999675165,-37.73163799967514,13.957703927492446,0.9530693428744601,-0.18110298890707546,0.8536913335476735,-0.0227985728094714,-58.195576349391544,-1.3458615325809045,-2.3524316858643264,34.86283987915408,0.008863046073356674,-0.004779767331862945,"{'trend_break': 1242, 'eod': 162, 'stop': 208, 'take_profit': 43}"
0.006,0.06,True,5,10,1908,-37.73969441544148,-37.739694415441264,12.997903563941298,0.9511630832782272,-0.164836228354483,0.8620767054736219,-0.01977971405421461,-56.18515800671986,-1.643185493218498,-2.8754962377159132,31.415618448637318,0.00804592412633137,-0.004359634310573917,"{'trend_break': 1123, 'stop': 571, 'eod': 171, 'take_profit': 43}"
0.01,0.012,False,5,20,1780,-37.95863799279423,-37.95863799279435,45.056179775280896,0.6008098434011478,-0.5315011578737372,0.9269756750101266,-0.021325077524041704,-57.50433898746374,-1.8335242844996624,-3.121676112892866,39.26516853932584,0.008216880075075103,-0.007990623513612745,"{'take_profit': 701, 'stop': 891, 'eod': 188}"
0.025,0.035,True,5,10,1917,-40.9528666358988,-40.95286663589868,17.47522170057381,0.8773957229240289,-0.21168169014882962,0.877708989536045,-0.021362997723473554,-54.41053370584682,-1.7903721192331628,-2.956420375156042,30.80699008868023,0.008401732350182049,-0.005329436532219139,"{'trend_break': 1605, 'eod': 164, 'take_profit': 125, 'stop': 23}"
0.01,0.02,False,5,10,1211,-41.40233745887301,-41.40233745887291,35.50784475639967,0.8097561988623266,-0.4988444340200684,0.8937304855824608,-0.03418855281492404,-61.207292872571294,-2.2280931632561174,-3.7751264752962053,60.32947976878613,0.010637492411477939,-0.008844310500031219,"{'take_profit': 305, 'stop': 715, 'eod': 191}"
0.01,0.012,True,5,10,3497,-41.72331484330284,-41.723314843302916,27.223334286531315,0.5181133200164713,-0.21020322023535698,0.9220077133806569,-0.011931173818502384,-52.6075912686419,-2.2936758058371773,-3.4258424925485924,15.135258793251358,0.005820815941880574,-0.004728137257975471,"{'take_profit': 784, 'stop': 436, 'trend_break': 2140, 'eod': 137}"
0.006,0.012,False,30,5,2169,-41.7680865650419,-41.76808656504236,33.97879207007838,0.5419396539685762,-0.3080849242596946,0.9053259152946249,-0.0192568402789497,-46.672864195653965,-2.6759709692175893,-3.2469760078427763,29.42554172429691,0.006666505352762582,-0.005791416512254333,"{'stop': 1375, 'take_profit': 623, 'eod': 171}"
0.01,0.02,False,30,10,1089,-42.17109764862269,-42.171097648622734,35.44536271808999,0.8423728652010374,-0.5225135471070029,0.8851946768482727,-0.03872460757449283,-55.214073524351114,-2.5762595568629467,-3.7727307423519147,61.500459136822776,0.010507203393980384,-0.00869561939393502,"{'stop': 633, 'take_profit': 267, 'eod': 189}"
0.006,0.012,False,30,10,2111,-42.199068116699046,-42.19906811669907,33.77546186641402,0.5604221443057511,-0.3160086244683115,0.9044794633722929,-0.019990084375508786,-53.790093685854124,-2.3604501453585223,-3.5151477720620825,27.44197063003316,0.006664037033629987,-0.005870049022353362,"{'stop': 1348, 'take_profit': 602, 'eod': 161}"
0.006,0.02,False,5,5,1801,-42.33132608255927,-42.331326082559364,25.26374236535258,0.8393743485648363,-0.31519067955390767,0.9002200120716738,-0.023504345409527637,-52.1917961100678,-2.2252218719206986,-3.2754712277346862,38.06607440310938,0.00839755831871661,-0.006418580761146855,"{'stop': 1299, 'take_profit': 316, 'eod': 186}"
0.015,0.02,False,30,5,768,-42.97728751031863,-42.97728751031875,42.1875,0.8049886457117295,-0.6842198394615293,0.8585312979714464,-0.05596000977906072,-47.35431186911419,-2.1533409780031825,-3.1026785845679057,82.6171875,0.011444785224968243,-0.010980475535808965,"{'stop': 352, 'take_profit': 233, 'eod': 183}"
0.006,0.02,True,5,20,2632,-44.40622316381764,-44.40622316381773,18.199088145896656,0.7479783305486437,-0.18703569135932097,0.8897254439611842,-0.016871665335796978,-55.08471769627117,-2.430874130057923,-3.9459986469563555,19.96580547112462,0.006620859699967786,-0.004433877231504173,"{'take_profit': 312, 'trend_break': 1318, 'stop': 864, 'eod': 138}"
0.006,0.02,False,5,10,1723,-44.81438172201472,-44.814381722014794,24.956471271038886,0.8151649215493034,-0.305750423811458,0.8866420935594003,-0.026009507673833268,-56.35314643275482,-2.993708212706793,-4.858984465001371,36.83633197910621,0.008489585125103295,-0.006359576032599423,"{'take_profit': 308, 'stop': 1250, 'eod': 165}"
0.006,0.012,False,5,10,2613,-45.499444861648605,-45.49944486164876,33.63949483352469,0.5992940151247335,-0.3300339585676409,0.9204942797623428,-0.01741272287089499,-55.544211695213264,-2.42561999396195,-3.6455447147887337,24.072330654420206,0.006744142922358941,-0.005932088244950682,"{'take_profit': 765, 'stop': 1680, 'eod': 168}"
0.006,0.012,True,30,10,3217,-46.528500360560926,-46.528500360560784,23.562325147653095,0.4961695935921908,-0.17186866706117998,0.889905957758619,-0.014463319975306473,-56.06220114743019,-3.142328214809912,-4.640078257486211,14.613304320795772,0.005269824193487109,-0.004089427302733444,"{'stop': 866, 'take_profit': 610, 'trend_break': 1610, 'eod': 131}"
0.006,0.012,False,30,20,2010,-46.7642639801749,-46.76426398017478,32.93532338308457,0.5498856458074327,-0.30473928895007074,0.8861597708347086,-0.023265802975211393,-48.944542060277286,-3.1445005133040747,-4.380598262815619,26.752238805970148,0.006570482562047542,-0.00589846116620569,"{'stop': 1299, 'take_profit': 567, 'eod': 144}"
0.01,0.02,True,30,5,2369,-47.66791540728777,-47.66791540728771,19.121992401857323,0.7197813866600448,-0.19505682858261383,0.8724532207607977,-0.020121534574625483,-50.02632308442968,-2.9726264328581347,-4.619788451644727,22.49556775010553,0.0066359081868985195,-0.004471874542905977,"{'trend_break': 1674, 'take_profit': 278, 'eod': 148, 'stop': 269}"
0.006,0.02,True,30,5,2592,-48.306544228387125,-48.306544228387224,17.47685185185185,0.7159463189973516,-0.1742076796326262,0.8703633233091254,-0.0186367840387296,-51.54639632567041,-3.2208800870203107,-4.9330601092211595,20.80902777777778,0.006207610196230583,-0.004086195624949605,"{'stop': 720, 'take_profit': 273, 'trend_break': 1450, 'eod': 149}"
0.01,0.012,True,30,10,2980,-48.66960839118542,-48.66960839118533,26.2751677852349,0.49340140091060103,-0.19799859139926537,0.8881165900325377,-0.016332083352746784,-54.21720414549138,-3.2087564398344326,-4.558424154942074,15.952684563758389,0.0055657060632032795,-0.004533710528760006,"{'trend_break': 1895, 'take_profit': 625, 'stop': 330, 'eod': 130}"
0.006,0.02,False,30,20,1362,-48.68768366003681,-48.687683660036896,24.52276064610866,0.734494432455091,-0.28600080165373276,0.8344006041006758,-0.0357471979882796,-54.84666689765248,-2.929277949239482,-4.121315355563657,37.74889867841409,0.008125815513059678,-0.0062719801783515956,"{'stop': 991, 'take_profit': 230, 'eod': 141}"
0.015,0.035,True,5,5,2045,-48.88544867395955,-48.885448673959466,15.843520782396087,0.8962675293367274,-0.19713894722780897,0.8559125013117358,-0.023904864877241836,-55.106684794924,-2.6544194794332805,-3.835031981806263,28.79804400977995,0.007901299810879293,-0.004958329821779175,"{'trend_break': 1642, 'take_profit': 129, 'eod': 153, 'stop': 121}"
0.006,0.035,True,5,5,2269,-49.05969405448703,-49.05969405448707,14.367562802996915,0.869092075450306,-0.1710672725945892,0.8524004261269079,-0.021621725012995606,-54.45720085538663,-2.909875407256115,-4.290008165254796,25.99074482150727,0.007218156626371114,-0.004404919051411791,"{'stop': 714, 'trend_break': 1276, 'eod': 158, 'take_profit': 121}"
0.01,0.012,True,30,20,2793,-49.53910215389408,-49.53910215389414,25.20587182241318,0.501258098865228,-0.19263992520584708,0.876898487141831,-0.017736878680234186,-52.88905725666655,-3.465575448597713,-4.606693864122724,15.788399570354457,0.005354930595521622,-0.00444152105206924,"{'trend_break': 1802, 'take_profit': 567, 'stop': 304, 'eod': 120}"
0.006,0.012,False,5,5,2381,-49.93959889272351,-49.939598892723566,33.05333893322134,0.5608539581692004,-0.30823818316931256,0.898358679982039,-0.02097421205070286,-53.47220602792143,-3.263071082777747,-4.458367333265344,25.792104157916842,0.006641272006591957,-0.005931843277226223,"{'stop': 1543, 'take_profit': 683, 'eod': 155}"
0.006,0.035,True,5,10,2085,-49.984460095852825,-49.984460095852704,14.388489208633093,0.8535396031108325,-0.1714545327894132,0.8366768250593145,-0.023973362156284327,-60.38147480317247,-2.665838394967602,-4.290567605398346,27.34916067146283,0.00756570162179066,-0.004553435822650197,"{'trend_break': 1136, 'stop': 686, 'eod': 157, 'take_profit': 106}"
0.006,0.012,False,5,20,2312,-50.11689799218608,-50.11689799218624,32.91522491349481,0.5525147350026289,-0.30340464947078444,0.8934998663658762,-0.021676858993160072,-54.531938434625616,-3.15812636437672,-5.05835504256062,24.599913494809687,0.006664173633543772,-0.005987486766140167,"{'take_profit': 660, 'stop': 1507, 'eod': 145}"
0.006,0.02,True,5,5,2878,-50.34178371691959,-50.34178371691963,17.92911744266852,0.7522262883833342,-0.18564375466668925,0.8851930015674873,-0.01749193318864475,-58.74365825055499,-2.9402968348256766,-4.41106548336243,19.975330090340513,0.006435595760022905,-0.004298868337407031,"{'stop': 882, 'trend_break': 1518, 'take_profit': 326, 'eod': 152}"
0.006,0.012,True,5,10,3605,-52.516809762384604,-52.516809762384575,23.883495145631066,0.508762674881952,-0.17877604695180221,0.8929455069946579,-0.014567769698303635,-60.30530500336534,-3.4869335342636925,-5.166387713066917,13.726213592233009,0.005378176129963793,-0.004260151247564278,"{'take_profit': 714, 'stop': 1068, 'trend_break': 1695, 'eod': 128}"
0.01,0.012,False,30,20,1345,-53.14586212122887,-53.14586212122878,43.71747211895911,0.5516051695436063,-0.49866539209097666,0.859212418601092,-0.03951365213474266,-55.721920834031614,-3.475447511669584,-4.976369742846507,44.182156133829,0.007882855776922996,-0.008076042494574836,"{'stop': 684, 'take_profit': 496, 'eod': 165}"
0.006,0.02,False,5,20,1621,-53.79171332934528,-53.79171332934531,24.42936458975941,0.7529962812277787,-0.28732917607799646,0.8471731854132595,-0.03318427719268678,-61.32607925838198,-3.5483112882973873,-5.122724660222921,36.593460826650215,0.008398745525153952,-0.0063649844959875485,"{'take_profit': 286, 'stop': 1186, 'eod': 149}"
0.006,0.012,True,5,20,3400,-54.92466679187278,-54.92466679187311,23.352941176470587,0.5017872838463483,-0.17396153882036583,0.8788454360544615,-0.016154313762315523,-58.90054274291854,-3.692116332904964,-5.773998639794919,13.541176470588235,0.0052222559215460524,-0.00419742242805486,"{'take_profit': 651, 'stop': 1000, 'trend_break': 1628, 'eod': 121}"
0.01,0.012,True,5,20,3140,-54.935920065730954,-54.93592006573096,25.54140127388535,0.5057402534231927,-0.19698015539398267,0.8807140153186408,-0.017495515944500304,-59.52442098532893,-3.8903555450670124,-5.773891085096758,15.379299363057324,0.005542072712549442,-0.004595563709874432,"{'take_profit': 659, 'stop': 380, 'trend_break': 1979, 'eod': 122}"
0.015,0.02,True,30,5,2209,-55.412720823534826,-55.412720823534876,18.515165233137164,0.6377941769628369,-0.17570585511185288,0.8247932894304152,-0.025084980001600192,-58.07575083953769,-3.880514647657439,-5.5527936014102695,22.851516523313716,0.0064273177709651885,-0.0044950645037872905,"{'trend_break': 1738, 'take_profit': 246, 'eod': 142, 'stop': 83}"
0.006,0.012,True,30,5,3378,-56.82640952587673,-56.8264095258766,22.85375962107756,0.48509965826684015,-0.16551164455405884,0.8682510230634174,-0.01682250133980957,-58.39155766521815,-4.819519835938338,-6.654710103390772,14.334221432800474,0.005043469276648444,-0.003955513135058674,"{'stop': 894, 'take_profit': 607, 'trend_break': 1741, 'eod': 136}"
0.006,0.012,True,5,5,3719,-57.6611995714873,-57.66119957148721,23.635385856413013,0.54133055448082,-0.18784885808455212,0.8919171535416186,-0.015504490339200672,-61.947131319339746,-4.116671445670184,-5.864322316526554,13.954019897821995,0.005210943735663929,-0.004110966009486608,"{'stop': 1057, 'take_profit': 707, 'trend_break': 1819, 'eod': 136}"
0.015,0.02,True,30,20,1959,-59.90584346761119,-59.905843467611184,18.325676365492598,0.6363863758735381,-0.18023034525388212,0.792259443799459,-0.03057980779357386,-60.391222552798055,-4.280626785806012,-6.412801414788033,23.689127105666156,0.006423407736687825,-0.0045790335625328134,"{'trend_break': 1549, 'take_profit': 207, 'eod': 129, 'stop': 74}"
0.01,0.012,True,30,5,3054,-60.67326894991647,-60.67326894991657,24.197773411918792,0.4784979230213811,-0.17895604063184323,0.8535464050646777,-0.019866820219357064,-61.59748450249614,-5.149179493866488,-7.144134574129958,15.873935821872953,0.005185758201203877,-0.004277775807594016,"{'trend_break': 2037, 'take_profit': 576, 'stop': 308, 'eod': 133}"
0.006,0.012,True,30,20,2778,-60.93867741361871,-60.93867741361867,22.31821454283657,0.47028315525116193,-0.16335228622304873,0.8271312996944695,-0.021936168975384706,-61.381196874855604,-4.917316822617116,-6.896264599471662,14.348092152627789,0.0049616958596683915,-0.004007040220828522,"{'stop': 724, 'take_profit': 487, 'trend_break': 1455, 'eod': 112}"
0.015,0.02,True,5,5,2446,-60.94662272802684,-60.94662272802667,18.969746524938675,0.67050022056638,-0.1877188320236262,0.8361908520854479,-0.024916853118571888,-62.554108246999775,-4.065364895663131,-5.855756355365374,22.804987735077678,0.006698176235395387,-0.0047491634038975186,"{'trend_break': 1899, 'take_profit': 286, 'eod': 146, 'stop': 115}"
0.006,0.02,True,30,20,2105,-61.60606483908056,-61.60606483908051,16.76959619952494,0.6074350295104823,-0.1575517295983338,0.7768143891064467,-0.02926653911595276,-62.014488307835634,-4.707708861395881,-7.0762295796562125,20.89643705463183,0.005954132933557022,-0.004038267772551463,"{'stop': 566, 'take_profit': 200, 'trend_break': 1219, 'eod': 120}"
0.015,0.02,True,30,10,2060,-61.608633048446634,-61.60863304844639,18.300970873786408,0.6235299609437672,-0.1762801118979482,0.7923393832985506,-0.029907103421576035,-62.80886120993657,-4.599551165897993,-6.696896891259518,23.4126213592233,0.0064109616352781285,-0.004562417532933321,"{'trend_break': 1634, 'take_profit': 222, 'eod': 131, 'stop': 73}"
0.01,0.035,True,5,5,1945,-61.709474742439994,-61.70947474243993,15.424164524421593,0.7936591937588326,-0.18225363700309408,0.7941694930049288,-0.031727236371434445,-62.60417844499977,-4.04715280954565,-5.7811151220002035,28.491002570694086,0.007597559216568771,-0.0047906600059631765,"{'stop': 266, 'trend_break': 1424, 'take_profit': 107, 'eod': 148}"
0.01,0.02,True,5,5,2458,-63.1260807936945,-63.12608079369446,18.795768917819366,0.660873844981386,-0.1845940867610696,0.8286711479347192,-0.025681888036490845,-64.25899126108283,-4.484236409820434,-7.098233650046969,22.22620016273393,0.006585339511840483,-0.0046313493963917145,"{'stop': 304, 'trend_break': 1730, 'take_profit': 279, 'eod': 145}"
0.01,0.012,True,5,5,3239,-64.79139185589352,-64.7913918558936,24.94597097869713,0.4850399030139611,-0.18786657074914606,0.8581325237975239,-0.020003517090427143,-65.83959242166794,-5.4382952063379,-8.039646269237048,15.491818462488423,0.005342820050028691,-0.004507835508533572,"{'stop': 360, 'take_profit': 640, 'trend_break': 2108, 'eod': 131}"
0.01,0.02,True,30,20,1867,-65.71031769554429,-65.71031769554419,17.461167648634174,0.5918093740515342,-0.16783917821956162,0.7459392453550743,-0.035195670967083176,-66.24542442903085,-5.859633524685546,-7.74756828433493,22.50990894483128,0.006053330251071899,-0.0043735027094695764,"{'trend_break': 1388, 'take_profit': 178, 'eod': 112, 'stop': 189}"
0.01,0.035,True,5,10,1859,-66.40220964581827,-66.4022096458182,15.0080688542227,0.7785951244272393,-0.17951281605127725,0.7658845987146512,-0.03571931664648643,-68.09917275294185,-4.715745666512934,-7.320804220080334,28.084991931145776,0.007419792513671848,-0.00479806070777119,"{'trend_break': 1377, 'eod': 149, 'stop': 239, 'take_profit': 94}"
0.01,0.02,True,30,10,2020,-68.00162077702737,-68.00162077702744,17.326732673267326,0.5982968847588579,-0.16611109607342972,0.7548656630294134,-0.0336641687014987,-69.00198515357904,-5.550122993593425,-7.144940558892057,22.174752475247526,0.006128769224639469,-0.004354105386376534,"{'trend_break': 1474, 'take_profit': 201, 'eod': 126, 'stop': 219}"
0.015,0.02,True,5,10,2213,-68.55684972959884,-68.55684972959882,18.210573881608678,0.6329542772188594,-0.1788052063253034,0.7881677310397794,-0.03097914583352862,-70.03294060256965,-5.698176042314685,-7.283399597209998,22.84997740623588,0.006530196009170132,-0.004727971877412511,"{'take_profit': 239, 'trend_break': 1751, 'eod': 138, 'stop': 85}"
0.006,0.02,True,30,10,2114,-70.5349960786359,-70.534996078636,15.941343424787133,0.5834661733934725,-0.1503450177333912,0.7359852576966768,-0.03336565566633676,-71.3684822946215,-6.164943919001315,-7.878643085899537,20.179754020813622,0.0057150140592181166,-0.003997199203191991,"{'stop': 549, 'take_profit': 184, 'trend_break': 1260, 'eod': 121}"
0.01,0.02,True,5,10,2180,-73.28190362729731,-73.28190362729735,17.24770642201835,0.629115971142022,-0.1717458474371938,0.7634766813637704,-0.03361555212261345,-74.56721788343538,-6.584646505511101,-8.517172503390432,22.06788990825688,0.006371362752094788,-0.004520072242603387,"{'take_profit': 222, 'trend_break': 1579, 'eod': 129, 'stop': 250}"
0.006,0.02,True,5,10,2304,-73.35635066005949,-73.35635066005963,16.145833333333336,0.6257627259887104,-0.15845760079081767,0.7603830588690504,-0.031838693862873045,-74.6331056242365,-6.616066107882097,-9.052766359620653,19.856336805555557,0.005982986798637408,-0.0041947301537265886,"{'take_profit': 220, 'trend_break': 1307, 'stop': 659, 'eod': 118}"
