entry_ts,exit_ts,symbol,qty,entry_price,exit_price,pnl,hold_sec,hold_min,exit_reason,trailed,entry_score,era,symbol_resolved
2026-03-19 13:40:12,2026-03-19 13:43:43,QQQ,1.41351,589.51,589.333135,-0.25,210.6,3.51,time_stop,0,-0.000495,legacy,inferred_single_open
,2026-03-19 13:50:07,?,0.0,0.0,0.0,-0.3,nan,nan,time_stop,0,,unknown,unknown
2026-03-19 13:51:06,2026-03-19 13:54:36,QQQ,1.412552,589.91,590.532986,0.88,210.7,3.51,time_stop,0,0.0001,legacy,inferred_single_open
2026-03-19 14:01:40,2026-03-19 14:05:12,IWM,3.404077,244.79,244.657806,-0.45,212.7,3.55,time_stop,0,0.000201,legacy,inferred_single_open
2026-03-19 14:06:14,2026-03-19 14:09:46,IWM,3.40519,244.708253,245.131137,1.44,212.8,3.55,time_stop,0,-0.00085,legacy,inferred_single_open
2026-03-19 14:10:48,2026-03-19 14:14:21,IWM,3.397969,245.221772,245.933962,2.42,212.9,3.55,time_stop,0,0.001282,legacy,inferred_single_open
2026-03-19 14:20:40,2026-03-19 14:24:13,QQQ,1.409016,591.42,591.058045,-0.51,212.8,3.55,time_stop,0,0.001245,legacy,inferred_single_open
2026-03-19 14:25:13,2026-03-19 14:28:46,SPY,1.266511,657.92,657.659442,-0.33,213.1,3.55,time_stop,0,-9.5e-05,legacy,inferred_single_open
2026-03-19 14:29:47,2026-03-19 14:33:20,QQQ,1.410304,590.84,590.336562,-0.71,213.0,3.55,time_stop,0,-2.6e-05,legacy,inferred_single_open
2026-03-19 14:34:51,2026-03-19 15:15:49,SPY,1.268284,657.04,656.598459,-0.56,2458.1,40.97,time_stop,0,-0.000292,legacy,inferred_fifo
2026-03-19 15:16:50,2026-03-19 15:22:24,IWM,3.344639,249.110929,248.749156,-1.21,333.9,5.57,time_stop,0,0.001124,legacy,inferred_fifo
2026-03-19 15:23:54,2026-03-19 15:35:33,QQQ,1.401739,594.5,594.371588,-0.18,699.0,11.65,shutdown_flat,0,0.000145,legacy,inferred_fifo
2026-03-19 15:36:18,2026-03-19 15:40:07,SPY,1.264224,659.14,659.693699,0.7,229.0,3.82,time_stop,0,-0.000732,legacy,inferred_fifo
2026-03-19 15:36:34,2026-03-19 15:40:16,QQQ,1.406116,592.6,593.382297,1.1,222.1,3.7,unattributed_market_exit,0,-0.000795,legacy,inferred_single_open
2026-03-19 15:41:17,2026-03-19 15:44:50,SPY,1.26206,660.28,660.88219,0.76,213.3,3.55,time_stop,0,7.5e-05,legacy,inferred_single_open
,2026-03-19 15:49:25,?,0.0,0.0,0.0,0.96,nan,nan,time_stop,0,,unknown,unknown
2026-03-19 15:50:25,2026-03-19 15:53:59,IWM,3.362727,247.815948,247.928952,0.38,213.5,3.56,time_stop,0,0.000573,legacy,inferred_single_open
2026-03-20 11:11:06,2026-03-20 11:51:59,SPY,1.276972,652.55,652.01749,-0.68,2452.1,40.87,trend_break,1,0.000139,legacy,inferred_fifo
2026-03-20 11:54:00,2026-03-20 14:03:50,QQQ,1.420159,586.74,586.458341,-0.4,7790.5,129.84,trend_break,6,0.000689,legacy,inferred_fifo
2026-03-20 13:58:38,2026-03-20 14:40:43,IWM,3.42169,243.53,243.448169,-0.28,2525.1,42.09,trend_break,4,0.001847,legacy,inferred_fifo
2026-03-20 14:39:38,2026-03-20 14:42:33,SPY,1.285106,648.45,647.827483,-0.8,175.5,2.93,trend_break,2,-0.001216,legacy,inferred_fifo
2026-03-20 14:41:44,2026-03-20 14:45:12,IWM,3.444605,241.905806,241.917418,0.04,207.9,3.46,trend_break,2,-0.000612,legacy,inferred_fifo
2026-03-20 14:44:07,2026-03-20 14:47:18,QQQ,1.432907,581.53,581.774259,0.35,190.8,3.18,trend_break,2,-0.000993,legacy,inferred_fifo
2026-03-20 14:48:18,2026-03-20 14:49:23,IWM,3.448169,241.66,241.590398,-0.24,65.0,1.08,trend_break,1,-1.2e-05,legacy,inferred_single_open
2026-03-20 14:50:24,2026-03-20 14:51:29,IWM,3.449311,241.578404,241.581303,0.01,64.9,1.08,trend_break,1,-0.000151,legacy,inferred_single_open
2026-03-20 14:52:30,2026-03-20 14:53:35,IWM,3.447456,241.72,241.807021,0.3,65.0,1.08,trend_break,1,-0.000299,legacy,inferred_single_open
2026-03-20 14:54:36,2026-03-20 14:55:41,IWM,3.447456,241.72,241.627178,-0.32,64.8,1.08,trend_break,1,-9.4e-05,legacy,inferred_single_open
2026-03-20 14:56:42,2026-03-20 14:57:47,SPY,1.286277,647.8,647.761128,-0.05,64.9,1.08,trend_break,1,-0.000363,legacy,inferred_single_open
2026-03-20 14:58:48,2026-03-20 14:59:53,QQQ,1.433499,581.29,581.569038,0.4,65.1,1.08,trend_break,1,-0.000165,legacy,inferred_single_open
2026-03-20 15:00:54,2026-03-20 15:07:03,SPY,1.285047,648.42,647.6496,-0.99,369.1,6.15,trend_break,1,0.000136,legacy,inferred_single_open
2026-03-20 15:08:04,2026-03-20 15:09:08,VTI,2.603174,320.13,320.118476,-0.03,64.8,1.08,trend_break,1,0.000159,legacy,inferred_single_open
2026-03-20 15:10:09,2026-03-20 15:11:14,QQQ,1.433129,581.43,581.283467,-0.21,64.8,1.08,trend_break,1,8.9e-05,legacy,inferred_single_open
2026-03-20 15:20:14,2026-03-20 15:21:50,IWM,3.449882,241.55,241.509419,-0.14,95.9,1.6,candlestick_exit,1,0.000276,legacy,inferred_single_open
2026-03-20 15:22:51,2026-03-20 15:23:56,IWM,3.451025,241.455795,241.441307,-0.05,64.9,1.08,trend_break,1,0.000577,legacy,inferred_single_open
2026-03-20 15:24:56,2026-03-20 15:26:01,SPY,1.287728,647.12,646.987985,-0.17,64.8,1.08,trend_break,1,0.000228,legacy,inferred_single_open
2026-03-20 15:27:32,2026-03-20 15:28:37,IWM,3.455748,241.112638,241.161831,0.17,64.9,1.08,trend_break,1,-0.000585,legacy,inferred_single_open
2026-03-20 15:29:37,2026-03-20 15:30:42,QQQ,1.434709,580.79,580.79697,0.01,64.8,1.08,trend_break,1,-0.000958,legacy,inferred_single_open
2026-03-20 15:31:43,2026-03-20 15:32:48,QQQ,1.434857,580.75,580.513043,-0.34,64.9,1.08,trend_break,1,-0.000244,legacy,inferred_single_open
2026-03-20 15:33:49,2026-03-20 15:34:53,QQQ,1.435648,580.43,580.109587,-0.46,64.8,1.08,trend_break,1,-0.000456,legacy,inferred_single_open
2026-03-20 15:35:54,2026-03-20 15:36:59,QQQ,1.436687,579.99,579.440124,-0.79,65.0,1.08,trend_break,1,-0.000443,legacy,inferred_single_open
2026-03-20 15:49:48,2026-03-20 15:55:53,VTI,2.610269,319.26,320.340348,2.82,364.5,6.08,eod_flat,0,0.001551,legacy,inferred_single_open
2026-03-20 15:56:53,2026-03-20 15:57:56,IWM,3.446172,241.8,241.933481,0.46,62.5,1.04,eod_flat,0,0.003566,legacy,inferred_single_open
2026-03-20 15:58:56,2026-03-20 15:59:59,QQQ,1.432661,581.66,581.56228,-0.14,62.5,1.04,eod_flat,0,0.003538,legacy,inferred_single_open
2026-03-23 13:04:03,2026-03-23 13:10:37,SPY,1.271633,655.3,655.33932,0.05,394.0,6.57,trend_break,0,-0.00036,legacy,inferred_single_open
2026-03-23 13:11:40,2026-03-23 13:17:45,IWM,3.361099,247.94,247.550247,-1.31,365.7,6.09,trend_break,0,7.8e-05,legacy,inferred_single_open
2026-03-23 13:18:46,2026-03-23 13:20:49,IWM,3.363677,247.75,247.515138,-0.79,123.3,2.05,trend_break,0,0.000305,legacy,inferred_single_open
2026-03-23 13:23:51,2026-03-23 13:25:55,SPY,1.272371,654.86,655.543763,0.87,123.3,2.05,trend_break,0,-0.001025,legacy,inferred_single_open
2026-03-23 13:28:58,2026-03-23 13:37:36,QQQ,1.418612,587.36,589.799004,3.46,517.2,8.62,take_profit,0,-3.8e-05,legacy,inferred_single_open
2026-03-23 13:40:40,2026-03-23 13:45:45,IWM,3.345042,249.12,248.58488,-1.79,305.0,5.08,trend_break,0,0.006665,legacy,inferred_single_open
2026-03-23 13:46:46,2026-03-23 13:47:48,SPY,1.269231,656.57,656.467576,-0.13,62.7,1.04,trend_break,0,-0.000434,legacy,inferred_single_open
2026-03-23 13:49:50,2026-03-23 14:21:42,QQQ,1.416345,588.32,589.407306,1.54,1912.0,31.87,trend_break,0,-0.00041,legacy,inferred_single_open
2026-03-23 14:22:43,2026-03-23 14:23:45,SPY,1.267397,657.47,657.46211,-0.01,62.7,1.05,trend_break,0,-0.000389,legacy,inferred_single_open
2026-03-23 14:24:46,2026-03-23 14:57:37,QQQ,1.41375,589.45,590.680769,1.74,1971.3,32.86,trend_break,0,-0.000289,legacy,inferred_single_open
2026-03-23 15:00:40,2026-03-23 15:04:45,QQQ,1.410328,590.84,590.57765,-0.37,244.4,4.07,trend_break,0,-0.000204,legacy,inferred_single_open
2026-03-23 15:05:45,2026-03-23 15:15:54,QQQ,1.41071,590.66,590.461518,-0.28,608.5,10.14,trend_break,0,-0.00013,legacy,inferred_single_open
2026-03-25 11:21:48,2026-03-25 11:39:59,SPY,1.270527,655.84,656.918293,1.37,1090.3,18.17,trend_break,0,-0.000859,legacy,inferred_single_open
2026-03-25 11:40:59,2026-03-25 11:43:02,QQQ,1.417188,588.01,587.551345,-0.65,122.9,2.05,trend_break,0,-0.000839,legacy,inferred_single_open
2026-03-25 11:47:35,2026-03-25 12:19:55,IWM,3.31721,251.19,251.07846,-0.37,1940.4,32.34,trend_break,0,-0.000336,legacy,inferred_fifo
2026-03-25 12:08:18,2026-03-25 12:43:36,SPY,1.269173,656.57,658.153708,2.01,2118.6,35.31,trend_break,0,-0.000839,legacy,inferred_fifo
2026-03-25 12:46:39,2026-03-25 12:49:42,QQQ,1.414038,589.28,588.749604,-0.75,183.1,3.05,trend_break,0,-5.7e-05,legacy,inferred_single_open
2026-03-25 12:50:43,2026-03-25 12:51:45,QQQ,1.41519,588.8,588.588014,-0.3,62.5,1.04,trend_break,0,-0.000232,legacy,inferred_single_open
2026-03-25 12:52:46,2026-03-25 13:06:54,IWM,3.311936,251.61,251.712659,0.34,848.5,14.14,trend_break,0,-0.000903,legacy,inferred_single_open
2026-03-25 13:07:57,2026-03-25 13:10:00,SPY,1.267358,657.51,657.14704,-0.46,123.4,2.06,trend_break,0,-0.000658,legacy,inferred_single_open
2026-03-25 13:11:01,2026-03-25 13:12:03,QQQ,1.417116,588.03,588.121736,0.13,62.5,1.04,trend_break,0,-0.000729,legacy,inferred_single_open
2026-03-25 13:13:04,2026-03-25 13:18:40,SPY,1.267879,657.23,657.261549,0.04,336.2,5.6,trend_break,0,-0.000516,legacy,inferred_single_open
2026-03-25 13:19:41,2026-03-25 13:33:49,QQQ,1.417068,588.0,588.88916,1.26,848.1,14.13,trend_break,0,-5.4e-05,legacy,inferred_single_open
2026-03-25 13:34:50,2026-03-25 13:51:39,IWM,3.306023,252.06,251.875488,-0.61,1009.5,16.82,trend_break,0,0.000357,legacy,inferred_single_open
2026-03-25 13:52:41,2026-03-25 13:53:43,SPY,1.265991,658.19,657.637073,-0.7,62.5,1.04,trend_break,0,-0.000261,legacy,inferred_single_open
2026-03-25 13:54:44,2026-03-25 13:55:47,SPY,1.267011,657.72,657.483222,-0.3,62.5,1.04,trend_break,0,-0.002021,legacy,inferred_single_open
2026-03-25 13:56:48,2026-03-25 14:04:55,SPY,1.267339,657.51,657.770388,0.33,487.1,8.12,trend_break,0,-0.00087,legacy,inferred_single_open
2026-03-25 14:05:56,2026-03-25 14:11:01,QQQ,1.41471,589.04,588.898628,-0.2,305.5,5.09,trend_break,0,0.000512,legacy,inferred_single_open
2026-03-25 14:12:02,2026-03-25 14:26:41,IWM,3.307073,251.95,251.937905,-0.04,879.5,14.66,trend_break,0,0.000967,legacy,inferred_single_open
2026-03-25 14:27:43,2026-03-25 14:28:45,SPY,1.266799,657.78,657.55897,-0.28,62.5,1.04,trend_break,0,-0.000211,legacy,inferred_single_open
2026-03-25 14:29:46,2026-03-25 14:30:49,SPY,1.267127,657.63,657.661567,0.04,62.9,1.05,trend_break,0,-0.000705,legacy,inferred_single_open
2026-03-25 14:31:51,2026-03-25 14:32:53,QQQ,1.415479,588.69,588.746518,0.08,62.4,1.04,trend_break,0,-0.000459,legacy,inferred_single_open
2026-03-25 14:33:54,2026-03-25 14:42:00,SPY,1.267031,657.7,657.352731,-0.44,485.8,8.1,trend_break,0,-0.000312,legacy,inferred_single_open
2026-03-25 14:43:01,2026-03-25 14:44:03,SPY,1.267821,657.24,657.121687,-0.15,62.4,1.04,trend_break,0,-0.000146,legacy,inferred_single_open
2026-03-25 14:45:04,2026-03-25 14:46:37,SPY,1.267512,657.4,657.2501,-0.19,92.9,1.55,trend_break,0,-0.000532,legacy,inferred_single_open
2026-03-25 14:47:37,2026-03-25 14:49:41,SPY,1.267763,657.28,657.193233,-0.11,123.2,2.05,trend_break,0,-0.000133,legacy,inferred_single_open
2026-03-25 15:19:32,2026-03-25 15:30:39,QQQ,1.418829,587.31,587.31,0.0,667.8,11.13,trend_break,0,0.000985,legacy,inferred_single_open
2026-03-25 15:33:12,2026-03-25 15:34:15,SPY,1.269695,656.28,656.169737,-0.14,62.7,1.05,trend_break,0,-0.000773,legacy,inferred_single_open
2026-03-30 12:47:24,2026-03-30 12:56:59,QQQ,1.481992,562.25,561.912616,-0.5,575.5,9.59,trend_break,0,0.00028,legacy,inferred_single_open
2026-03-30 13:01:01,2026-03-30 13:05:35,SPY,1.310801,635.69,634.942366,-0.98,273.8,4.56,trend_break,0,0.000132,legacy,inferred_single_open
2026-03-30 13:26:19,2026-03-30 13:27:52,DIA,1.839485,453.02,452.791675,-0.42,92.8,1.55,trend_break,0,-0.000925,legacy,inferred_single_open
2026-03-30 13:31:54,2026-03-30 13:32:56,DIA,1.840582,452.73,452.561575,-0.31,62.3,1.04,trend_break,0,-0.00032,legacy,inferred_single_open
2026-03-30 13:36:58,2026-03-30 14:07:15,QQQ,1.488797,559.67,559.602832,-0.1,1816.1,30.27,trend_break,0,-0.000265,legacy,inferred_single_open
2026-03-30 14:11:16,2026-03-30 14:14:19,QQQ,1.48917,559.54,559.419127,-0.18,183.0,3.05,trend_break,0,-0.000358,legacy,inferred_single_open
2026-03-30 14:18:21,2026-04-01 14:29:47,IWM,3.475495,239.772878,239.574345,-0.69,173485.9,2891.43,trend_break,0,0.000554,legacy,inferred_fifo
2026-04-01 14:33:50,2026-04-01 14:34:53,QQQ,1.42949,582.88,582.712108,-0.24,62.3,1.04,trend_break,0,-0.000423,legacy,inferred_single_open
2026-04-02 14:15:00,2026-04-02 14:25:42,SPY,1.274141,653.98,653.516943,-0.59,642.3,10.71,trend_break,0,0.000307,legacy,logged
2026-04-06 13:26:18,2026-04-06 13:42:20,IWM,3.307729,251.93,251.899768,-0.1,961.8,16.03,trend_break,0,0.004696,legacy,logged
2026-04-06 14:14:18,2026-04-07 11:42:19,SPY,1.267744,657.19,657.126896,-0.08,77281.4,1288.02,trend_break,0,0.000803,legacy,logged
2026-04-09 10:58:10,2026-04-09 11:09:17,SPY,1.234316,675.09,674.99278,-0.12,666.1,11.1,trend_break,0,5.9e-05,legacy,logged
2026-04-09 11:19:13,2026-04-09 11:31:15,SPY,1.232327,676.23,676.051476,-0.22,722.8,12.05,trend_break,0,0.001062,legacy,logged
2026-04-09 11:38:16,2026-04-09 14:29:18,IWM,3.191673,261.045195,261.659293,1.96,10261.5,171.02,unattributed_market_exit,0,0.002607,legacy,logged
2026-04-09 11:39:21,2026-04-09 14:29:20,QQQ,1.373821,606.54,607.850214,1.8,10199.0,169.98,unattributed_market_exit,0,0.00193,legacy,logged
2026-04-09 11:37:11,2026-04-09 14:29:21,SPY,1.229418,677.81,678.867411,1.3,10329.1,172.15,unattributed_market_exit,0,0.002237,legacy,logged
2026-04-10 10:18:22,2026-04-10 10:42:50,SPY,1.223227,681.22,681.399852,0.22,1467.5,24.46,trend_break,0,0.000159,legacy,logged
2026-04-10 10:16:13,2026-04-10 10:56:17,QQQ,1.361319,612.09,612.082654,-0.01,2404.3,40.07,trend_break,0,0.000934,legacy,logged
2026-04-16 13:19:15,2026-04-16 13:19:30,SPY,1.190085,700.18,700.163194,-0.02,14.9,0.25,trend_break,0,-0.000539,legacy,logged
2026-04-16 13:26:15,2026-04-16 13:57:21,SPY,1.189032,700.8,700.522463,-0.33,1866.7,31.11,trend_break,0,0.000975,legacy,logged
2026-04-16 13:34:12,2026-04-16 13:58:23,IWM,3.095167,269.22,268.871069,-1.08,1450.4,24.17,trend_break,0,-3.2e-05,legacy,logged
2026-04-16 14:05:12,2026-04-16 14:11:22,IWM,3.095627,269.186461,269.050786,-0.42,370.2,6.17,trend_break,0,-0.000255,legacy,logged
2026-04-16 14:17:11,2026-04-16 14:25:18,IWM,3.093214,269.39,269.089342,-0.93,487.4,8.12,trend_break,0,4.6e-05,legacy,logged
2026-04-16 15:09:28,2026-04-17 13:13:48,IWM,3.088055,269.853524,276.890316,21.73,79460.3,1324.34,take_profit,0,0.002125,legacy,logged
2026-04-16 14:32:21,2026-04-17 13:14:01,QQQ,1.305339,638.32,648.968575,13.9,81700.3,1361.67,take_profit,0,-0.000139,legacy,logged
2026-04-16 14:42:16,2026-04-17 13:14:15,SPY,1.188981,700.8,711.212277,12.38,81119.5,1351.99,take_profit,0,0.000382,legacy,logged
2026-04-17 13:20:17,2026-04-17 13:20:43,IWM,3.010296,276.826644,276.82,-0.02,26.1,0.44,trend_break,0,-0.000566,legacy,logged
2026-04-17 13:52:14,2026-04-17 13:59:15,IWM,3.014653,276.42,275.965553,-1.37,420.5,7.01,trend_break,0,0.000276,legacy,logged
2026-04-17 14:18:22,2026-04-17 14:22:22,SPY,1.173988,709.75,709.290029,-0.54,239.5,3.99,trend_break,0,-0.000466,legacy,logged
2026-04-17 14:18:11,2026-04-17 14:41:19,IWM,3.023513,275.62,275.500933,-0.36,1388.3,23.14,trend_break,0,-0.000259,legacy,logged
2026-04-17 14:37:11,2026-04-17 14:44:15,SPY,1.173129,710.32,709.927886,-0.46,424.8,7.08,trend_break,0,-0.000163,legacy,logged
2026-04-17 14:48:13,2026-04-17 14:52:16,IWM,3.02143,275.81,275.538605,-0.82,243.4,4.06,trend_break,0,-0.000203,legacy,logged
2026-04-17 15:01:15,2026-04-17 15:01:39,IWM,3.024172,275.54,275.52016,-0.06,24.5,0.41,trend_break,0,-0.000332,legacy,logged
2026-04-17 15:21:24,2026-04-17 15:23:31,IWM,3.029339,275.08,275.099806,0.06,127.1,2.12,trend_break,0,-0.000287,legacy,logged
2026-04-17 15:47:26,2026-04-17 15:50:32,SPY,1.173559,710.03,710.140774,0.13,186.2,3.1,trend_break,0,3.3e-05,legacy,logged
2026-04-17 15:41:24,2026-04-17 15:52:15,QQQ,1.284928,648.49,648.233176,-0.33,650.2,10.84,trend_break,0,0.001365,legacy,logged
2026-04-17 15:28:24,2026-04-17 15:55:28,IWM,3.028678,275.14,275.889502,2.27,1623.8,27.06,eod_flat,0,-0.00044,legacy,logged
2026-04-20 11:57:27,2026-04-20 12:03:29,IWM,3.007146,277.08,276.740808,-1.02,362.1,6.03,trend_break,0,-0.000159,legacy,logged
2026-04-20 12:40:17,2026-04-20 12:58:10,IWM,3.015853,276.32,276.28021,-0.12,1073.5,17.89,trend_break,0,-0.000696,legacy,logged
2026-04-20 12:07:42,2026-04-20 13:05:12,SPY,1.178055,707.38,707.422443,0.05,3450.8,57.51,trend_break,0,-0.000444,legacy,logged
2026-04-20 14:15:11,2026-04-20 14:32:22,SPY,1.176608,708.23,707.992028,-0.28,1030.7,17.18,trend_break,0,0.0002,legacy,logged
2026-04-20 14:33:14,2026-04-20 14:33:38,QQQ,1.289382,646.26,646.252244,-0.01,23.4,0.39,trend_break,0,-0.000217,legacy,logged
2026-04-20 14:53:11,2026-04-20 15:04:18,QQQ,1.288744,646.59,646.403772,-0.24,667.2,11.12,trend_break,0,0.000393,legacy,logged
2026-04-20 14:17:18,2026-04-20 15:55:33,IWM,3.008883,276.94,277.076263,0.41,5895.5,98.26,eod_flat,0,-0.000189,legacy,logged
2026-04-20 15:56:24,2026-04-20 15:56:46,QQQ,1.289302,646.33,646.283463,-0.06,22.1,0.37,eod_flat,0,0.000315,legacy,logged
2026-04-24 11:27:13,2026-04-24 11:30:45,SOXS,60.162455,13.86,13.749965,-6.62,211.6,3.53,hard_stop_synthetic,0,0.006726,leveraged,logged
2026-04-24 11:28:19,2026-04-24 11:45:10,SQQQ,15.644949,53.27,52.798282,-7.38,1011.5,16.86,hard_stop_synthetic,0,-0.000164,leveraged,logged
2026-04-24 11:17:18,2026-04-24 11:45:34,TQQQ,13.489558,61.761104,62.280024,7.0,1696.6,28.28,take_profit,0,0.001173,leveraged,logged
2026-04-24 11:58:17,2026-04-27 11:09:13,SOXS,61.223366,13.62,14.34995,44.69,256255.3,4270.92,take_profit,0,9.9e-05,leveraged,logged
2026-04-24 11:49:31,2026-04-27 11:22:22,TQQQ,13.413555,62.128201,61.750225,-5.07,257571.5,4292.86,hard_stop_synthetic,0,0.001867,leveraged,logged
2026-04-27 11:19:12,2026-04-27 11:36:40,SOXS,57.704294,14.45,14.360059,-5.19,1048.2,17.47,hard_stop_synthetic,0,0.003102,leveraged,logged
2026-04-27 11:14:13,2026-04-27 14:36:29,SQQQ,15.70688,53.06,52.569769,-7.7,12136.4,202.27,hard_stop_synthetic,0,-0.00024,leveraged,logged
2026-04-27 15:32:12,2026-04-27 15:42:48,SOXL,6.800931,122.500592,121.800688,-4.76,636.2,10.6,hard_stop_synthetic,0,0.00127,leveraged,logged
2026-04-27 15:35:19,2026-04-27 15:55:30,SQQQ,15.856327,52.56,52.500087,-0.95,1210.8,20.18,eod_flat,0,-6.5e-05,leveraged,logged
2026-04-27 14:37:21,2026-04-27 15:55:43,TQQQ,13.329867,62.52,62.610023,1.2,4701.7,78.36,eod_flat,0,-0.000371,leveraged,logged
,2026-04-27 15:58:31,SOXL,0.0,0.0,0.0,0.58,nan,nan,eod_flat,0,,leveraged,logged
2026-04-30 13:17:17,2026-04-30 13:56:50,TQQQ,13.321343,62.56,63.140272,7.73,2372.4,39.54,take_profit,0,0.000934,leveraged,logged
2026-04-30 14:10:19,2026-04-30 14:58:59,SOXS,62.136466,13.42,13.547783,7.94,2919.2,48.65,take_profit,0,0.003204,leveraged,logged
2026-04-30 15:00:29,2026-04-30 15:26:42,SQQQ,16.079699,51.83,51.520293,-4.98,1572.7,26.21,hard_stop_synthetic,0,0.001371,leveraged,logged
2026-04-30 15:25:19,2026-05-01 11:16:37,SOXS,62.090165,13.43,13.249939,-11.18,71478.4,1191.31,hard_stop_synthetic,0,-0.000252,leveraged,logged
2026-04-30 14:00:14,2026-05-01 11:16:52,TQQQ,13.171831,63.27,65.29022,26.61,76598.5,1276.64,take_profit,0,0.004438,leveraged,logged
2026-05-01 11:41:17,2026-05-01 11:51:02,SOXS,63.172859,13.2,13.338984,8.78,584.7,9.75,take_profit,0,0.000332,leveraged,logged
2026-05-01 13:40:13,2026-05-01 13:48:27,SOXS,63.606871,13.1,13.019977,-5.09,494.3,8.24,hard_stop_synthetic,0,0.000247,leveraged,logged
2026-05-01 11:39:12,2026-05-01 14:40:19,TQQQ,12.692308,65.66,65.27,-4.95,10867.0,181.12,hard_stop_synthetic,0,0.00265,leveraged,logged
2026-05-01 13:58:11,2026-05-01 14:46:44,SOXS,63.948581,13.04,13.15994,7.67,2912.1,48.54,take_profit,0,-0.000206,leveraged,logged
2026-05-01 13:55:12,2026-05-01 14:46:57,SQQQ,16.681682,49.955586,50.436952,8.03,3104.7,51.75,take_profit,0,0.0,leveraged,logged
2026-05-01 14:53:19,2026-05-01 15:01:53,SOXS,63.606871,13.11,13.029977,-5.09,514.2,8.57,hard_stop_synthetic,0,0.003747,leveraged,logged
2026-05-01 15:38:20,2026-05-01 15:48:41,SOXS,64.393355,12.95,12.970033,1.29,620.8,10.35,unattributed_market_exit,0,0.001965,leveraged,logged
2026-05-01 15:48:16,2026-05-01 15:48:42,SQQQ,16.641702,50.079014,50.059785,-0.32,25.9,0.43,unattributed_market_exit,0,0.000741,leveraged,logged
2026-05-01 15:16:16,2026-05-01 15:48:44,TQQQ,12.71361,65.548427,65.490222,-0.74,1947.3,32.46,unattributed_market_exit,0,0.002337,leveraged,logged
2026-05-06 12:59:19,2026-05-06 13:03:52,SOXS,81.134373,10.28,10.195326,-6.87,273.8,4.56,hard_stop_synthetic,0,0.0,leveraged,logged
2026-05-06 12:55:11,2026-05-06 13:11:00,SQQQ,17.89242,46.58,46.289933,-5.19,949.1,15.82,hard_stop_synthetic,0,0.001981,leveraged,logged
2026-06-23 13:32:14,2026-06-23 13:56:00,SQQQ,20.930671,39.82,40.170682,7.34,1425.3,23.75,take_profit,0,0.002809,leveraged,logged
2026-06-23 13:57:12,2026-06-23 14:42:57,SQQQ,20.743092,40.18,40.549762,7.67,2745.3,45.75,take_profit,0,0.001046,leveraged,logged
2026-06-26 10:21:21,2026-06-26 10:22:25,TQQQ,1.337615,74.0,74.11214,0.15,63.2,1.05,unattributed_market_exit,0,0.012351,leveraged,logged
2026-06-26 11:01:11,2026-06-26 11:04:16,SQQQ,20.599506,40.46,40.402232,-1.19,184.7,3.08,trend_break,0,0.000702,leveraged,logged
2026-06-26 11:03:20,2026-06-26 11:06:20,TQQQ,11.356822,73.368805,73.368805,0.0,180.3,3.0,hard_stop_synthetic,0,0.000377,leveraged,logged
2026-06-26 11:07:15,2026-06-26 11:23:15,SQQQ,2.438889,40.57,40.438793,-0.32,960.2,16.0,trend_break,0,0.001163,leveraged,logged
2026-06-26 11:22:20,2026-06-26 11:30:07,TQQQ,11.403449,73.034739,73.739789,8.04,467.4,7.79,take_profit,0,0.001038,leveraged,logged
2026-06-26 12:04:22,2026-06-26 12:08:23,TQQQ,11.284534,73.85,73.652384,-2.23,241.0,4.02,trend_break,0,0.000816,leveraged,logged
2026-06-26 13:41:11,2026-06-26 14:27:41,SQQQ,20.712155,40.232897,40.609487,7.8,2789.9,46.5,take_profit,0,0.013565,leveraged,logged
2026-06-26 15:18:17,2026-06-26 15:23:33,TQQQ,11.414384,73.01,73.01,0.0,315.1,5.25,hard_stop_synthetic,0,0.002692,leveraged,logged
2026-06-26 15:32:17,2026-06-26 15:51:56,SQQQ,20.442836,40.76,40.78935,0.6,1178.3,19.64,unattributed_market_exit,0,0.004509,leveraged,logged
2026-06-26 15:33:21,2026-06-26 15:51:57,TQQQ,11.439456,72.826993,72.579604,-2.83,1115.6,18.59,unattributed_market_exit,0,0.000602,leveraged,logged
2026-06-26 15:54:14,2026-06-26 15:55:29,SQQQ,20.462918,40.73,40.750036,0.41,74.8,1.25,eod_flat,0,0.006449,leveraged,logged
,2026-06-26 15:56:56,SQQQ,0.0,0.0,0.0,-0.1,nan,nan,eod_flat,0,,leveraged,logged
2026-06-29 14:52:16,2026-06-29 15:21:22,SQQQ,21.812827,38.21,38.199914,-0.22,1745.9,29.1,trend_break,0,0.0,leveraged,logged
2026-06-29 15:40:16,2026-06-29 15:45:27,TQQQ,10.805992,77.11,77.049848,-0.65,310.5,5.18,trend_break,0,3.9e-05,leveraged,logged
2026-06-29 15:31:15,2026-06-29 15:55:34,SQQQ,21.755875,38.31,38.299888,-0.22,1459.3,24.32,eod_flat,0,0.001227,leveraged,logged
,2026-06-29 15:55:54,SQQQ,0.0,0.0,0.0,0.0,nan,nan,eod_flat,0,,leveraged,logged
2026-06-30 12:59:11,2026-06-30 13:07:15,SQQQ,22.935591,36.34,36.220099,-2.75,483.6,8.06,trend_break,0,0.000156,leveraged,logged
2026-06-30 12:58:20,2026-06-30 13:30:47,TQQQ,10.290849,80.96,80.950283,-0.1,1947.6,32.46,trend_break,0,0.000505,leveraged,logged
2026-06-30 13:15:19,2026-06-30 13:45:16,SQQQ,22.954546,36.31,36.249881,-1.38,1796.7,29.94,trend_break,0,0.000652,leveraged,logged
2026-06-30 13:48:21,2026-06-30 14:20:21,SQQQ,22.954546,36.31,36.259901,-1.15,1919.5,31.99,trend_break,0,0.0,leveraged,logged
2026-06-30 14:52:19,2026-06-30 15:00:18,TQQQ,10.2516,81.28,81.197086,-0.85,478.7,7.98,trend_break,0,0.001837,leveraged,logged
2026-06-30 14:56:18,2026-06-30 15:03:16,SQQQ,23.005246,36.23,36.150018,-1.84,418.0,6.97,trend_break,0,0.0,leveraged,logged
2026-06-30 15:34:16,2026-06-30 15:37:22,TQQQ,10.240261,81.38,81.185669,-1.99,186.1,3.1,trend_break,0,-3.7e-05,leveraged,logged
2026-06-30 15:21:17,2026-06-30 15:41:47,SQQQ,23.081718,36.11,36.149858,0.92,1229.4,20.49,unattributed_market_exit,0,0.0,leveraged,logged
2026-07-01 10:18:19,2026-07-02 12:00:37,SQQQ,22.477745,37.08,39.4499,53.27,92537.7,1542.29,take_profit,0,0.000252,leveraged,logged
2026-07-02 12:01:37,2026-07-06 14:20:21,SQQQ,21.073597,39.55,38.604741,-19.92,353925.0,5898.75,unattributed_market_exit,0,0.003771,leveraged,logged
2026-07-07 14:14:17,2026-07-07 14:49:34,SQQQ,20.951723,39.77,40.278311,10.65,2116.2,35.27,take_profit,0,0.000644,leveraged,logged
2026-07-07 14:50:15,2026-07-07 14:59:06,UVXY,34.849436,23.92,24.060031,4.88,531.2,8.85,hard_stop_synthetic,0,0.021672,leveraged,logged
2026-07-07 14:59:52,2026-07-07 15:02:44,UVXY,34.589041,24.1,24.189913,3.11,172.1,2.87,hard_stop_synthetic,0,0.013982,leveraged,logged
2026-07-07 15:03:25,2026-07-07 15:05:10,UVXY,34.446052,24.2,24.2,0.0,105.1,1.75,hard_stop_synthetic,0,0.002429,leveraged,logged
2026-07-07 15:06:12,2026-07-07 15:12:34,UVXY,34.431819,24.21,24.329947,4.13,382.1,6.37,hard_stop_synthetic,0,0.003684,leveraged,logged
2026-07-07 14:50:25,2026-07-07 15:15:37,SQQQ,20.73277,40.2,40.709821,10.57,1511.8,25.2,take_profit,0,0.010583,leveraged,logged
2026-07-07 15:16:19,2026-07-07 15:34:46,SQQQ,20.457894,40.74,40.490219,-5.11,1107.4,18.46,hard_stop_synthetic,0,0.005087,leveraged,logged
2026-07-07 15:31:18,2026-07-07 15:40:38,TQQQ,11.57935,71.964181,71.509924,-5.26,559.6,9.33,hard_stop_synthetic,0,0.00445,leveraged,logged
